{"stats":{"minecraft:mined":{"minecraft:sand":2,"minecraft:birch_log":4,"minecraft:birch_leaves":5},"minecraft:custom":{"minecraft:time_since_rest":17351,"minecraft:play_time":58029,"minecraft:sprint_one_cm":16723,"minecraft:damage_taken":535,"minecraft:deaths":2,"minecraft:walk_one_cm":18061,"minecraft:sneak_time":3,"minecraft:walk_under_water_one_cm":124,"minecraft:boat_one_cm":6027,"minecraft:drop":1,"minecraft:jump":170,"minecraft:damage_dealt":193,"minecraft:leave_game":7,"minecraft:walk_on_water_one_cm":1189,"minecraft:time_since_death":1701,"minecraft:total_world_time":58029,"minecraft:fall_one_cm":6425,"minecraft:fly_one_cm":10005,"minecraft:player_kills":1},"minecraft:used":{"minecraft:sand":2},"minecraft:killed_by":{"minecraft:skeleton":1,"minecraft:zombie":1},"minecraft:picked_up":{"minecraft:birch_log":4,"minecraft:stick":1,"minecraft:torch":8,"minecraft:sand":3,"minecraft:birch_sapling":1},"minecraft:dropped":{"minecraft:sand":1}},"DataVersion":3953}