{"stats":{"minecraft:dropped":{"minecraft:sand":1},"minecraft:custom":{"minecraft:time_since_rest":51734,"minecraft:play_time":92412,"minecraft:sprint_one_cm":26326,"minecraft:damage_taken":535,"minecraft:deaths":2,"minecraft:walk_one_cm":22755,"minecraft:sneak_time":3,"minecraft:walk_under_water_one_cm":124,"minecraft:boat_one_cm":6027,"minecraft:drop":1,"minecraft:jump":194,"minecraft:damage_dealt":193,"minecraft:leave_game":10,"minecraft:walk_on_water_one_cm":1372,"minecraft:time_since_death":36084,"minecraft:total_world_time":92412,"minecraft:fall_one_cm":6425,"minecraft:fly_one_cm":12137,"minecraft:player_kills":1},"minecraft:mined":{"minecraft:sand":2,"minecraft:birch_log":4,"minecraft:birch_leaves":5},"minecraft:used":{"minecraft:sand":2},"minecraft:killed_by":{"minecraft:skeleton":1,"minecraft:zombie":1},"minecraft:picked_up":{"minecraft:birch_log":4,"minecraft:stick":1,"minecraft:torch":8,"minecraft:sand":3,"minecraft:birch_sapling":1}},"DataVersion":3953}