{"stats":{"minecraft:dropped":{"minecraft:sand":1},"minecraft:picked_up":{"minecraft:birch_log":4,"minecraft:sand":3},"minecraft:custom":{"minecraft:time_since_rest":8360,"minecraft:damage_dealt":193,"minecraft:damage_taken":40,"minecraft:leave_game":3,"minecraft:sprint_one_cm":9647,"minecraft:play_time":8360,"minecraft:time_since_death":8360,"minecraft:walk_on_water_one_cm":1189,"minecraft:walk_one_cm":9533,"minecraft:total_world_time":8360,"minecraft:walk_under_water_one_cm":124,"minecraft:drop":1,"minecraft:fall_one_cm":4203,"minecraft:fly_one_cm":6981,"minecraft:player_kills":1,"minecraft:jump":108},"minecraft:mined":{"minecraft:birch_log":4,"minecraft:birch_leaves":5,"minecraft:sand":2},"minecraft:used":{"minecraft:sand":2}},"DataVersion":3953}