{"stats":{"minecraft:mined":{"minecraft:glass_pane":1,"minecraft:birch_log":4,"minecraft:stripped_birch_log":2,"minecraft:birch_leaves":5,"minecraft:torch":2,"minecraft:grass_block":2,"minecraft:sand":2,"minecraft:dirt":2,"minecraft:wall_torch":2},"minecraft:picked_up":{"minecraft:birch_log":4,"minecraft:stick":1,"minecraft:torch":12,"minecraft:sand":3,"minecraft:stripped_birch_log":2,"minecraft:dirt":4,"minecraft:birch_sapling":1},"minecraft:used":{"minecraft:birch_planks":2,"minecraft:torch":3,"minecraft:dirt":4,"minecraft:sand":2,"minecraft:cooked_porkchop":2},"minecraft:killed_by":{"minecraft:skeleton":1,"minecraft:zombie":1},"minecraft:crafted":{"minecraft:cooked_porkchop":3,"minecraft:birch_planks":8},"minecraft:custom":{"minecraft:time_since_rest":2460,"minecraft:interact_with_furnace":1,"minecraft:sprint_one_cm":46303,"minecraft:damage_taken":585,"minecraft:walk_one_cm":45784,"minecraft:drop":1,"minecraft:damage_dealt":193,"minecraft:swim_one_cm":4918,"minecraft:player_kills":1,"minecraft:fly_one_cm":23497,"minecraft:open_chest":3,"minecraft:play_time":101217,"minecraft:deaths":2,"minecraft:sneak_time":5,"minecraft:walk_under_water_one_cm":1062,"minecraft:boat_one_cm":11972,"minecraft:jump":276,"minecraft:leave_game":15,"minecraft:walk_on_water_one_cm":4609,"minecraft:time_since_death":44889,"minecraft:sleep_in_bed":2,"minecraft:total_world_time":101217,"minecraft:fall_one_cm":7855},"minecraft:dropped":{"minecraft:sand":1}},"DataVersion":3953}