{"stats":{"minecraft:killed_by":{"minecraft:skeleton":1,"minecraft:zombie":1},"minecraft:used":{"minecraft:birch_planks":2,"minecraft:torch":4,"minecraft:dirt":4,"minecraft:sand":2,"minecraft:cooked_porkchop":2},"minecraft:dropped":{"minecraft:sand":1},"minecraft:crafted":{"minecraft:cooked_porkchop":3,"minecraft:birch_planks":8},"minecraft:mined":{"minecraft:glass_pane":1,"minecraft:birch_log":4,"minecraft:stripped_birch_log":2,"minecraft:birch_leaves":5,"minecraft:torch":3,"minecraft:grass_block":2,"minecraft:sand":2,"minecraft:dirt":2,"minecraft:wall_torch":2},"minecraft:picked_up":{"minecraft:birch_log":4,"minecraft:stick":1,"minecraft:torch":13,"minecraft:sand":3,"minecraft:stripped_birch_log":2,"minecraft:dirt":4,"minecraft:birch_sapling":1},"minecraft:custom":{"minecraft:time_since_rest":5014,"minecraft:interact_with_furnace":1,"minecraft:sprint_one_cm":56634,"minecraft:damage_taken":675,"minecraft:walk_one_cm":56547,"minecraft:drop":1,"minecraft:damage_dealt":193,"minecraft:swim_one_cm":4918,"minecraft:player_kills":1,"minecraft:fly_one_cm":31064,"minecraft:open_chest":3,"minecraft:crouch_one_cm":148,"minecraft:play_time":106942,"minecraft:deaths":2,"minecraft:sneak_time":81,"minecraft:walk_under_water_one_cm":1062,"minecraft:boat_one_cm":55883,"minecraft:jump":333,"minecraft:leave_game":16,"minecraft:walk_on_water_one_cm":6158,"minecraft:time_since_death":50614,"minecraft:sleep_in_bed":3,"minecraft:total_world_time":106942,"minecraft:fall_one_cm":10813}},"DataVersion":3953}