{"stats":{"minecraft:mined":{"minecraft:grass_block":2,"minecraft:dirt":2,"minecraft:sand":2,"minecraft:birch_log":4,"minecraft:stripped_birch_log":2,"minecraft:birch_leaves":5,"minecraft:wall_torch":1,"minecraft:torch":1},"minecraft:picked_up":{"minecraft:birch_log":4,"minecraft:stick":1,"minecraft:torch":10,"minecraft:sand":3,"minecraft:stripped_birch_log":2,"minecraft:dirt":4,"minecraft:birch_sapling":1},"minecraft:used":{"minecraft:torch":1,"minecraft:dirt":4,"minecraft:sand":2,"minecraft:birch_planks":2},"minecraft:crafted":{"minecraft:birch_planks":8},"minecraft:killed_by":{"minecraft:skeleton":1,"minecraft:zombie":1},"minecraft:custom":{"minecraft:time_since_rest":2227,"minecraft:sprint_one_cm":37348,"minecraft:play_time":98415,"minecraft:damage_taken":585,"minecraft:walk_one_cm":32212,"minecraft:deaths":2,"minecraft:sneak_time":5,"minecraft:walk_under_water_one_cm":703,"minecraft:drop":1,"minecraft:boat_one_cm":11972,"minecraft:jump":237,"minecraft:damage_dealt":193,"minecraft:leave_game":13,"minecraft:walk_on_water_one_cm":4352,"minecraft:time_since_death":42087,"minecraft:sleep_in_bed":1,"minecraft:total_world_time":98415,"minecraft:swim_one_cm":1323,"minecraft:fall_one_cm":7379,"minecraft:fly_one_cm":18066,"minecraft:player_kills":1},"minecraft:dropped":{"minecraft:sand":1}},"DataVersion":3953}