{"stats":{"minecraft:custom":{"minecraft:time_since_rest":15498,"minecraft:play_time":56176,"minecraft:sprint_one_cm":14521,"minecraft:deaths":2,"minecraft:damage_taken":505,"minecraft:walk_one_cm":12751,"minecraft:walk_under_water_one_cm":124,"minecraft:drop":1,"minecraft:jump":142,"minecraft:damage_dealt":193,"minecraft:leave_game":4,"minecraft:walk_on_water_one_cm":1189,"minecraft:time_since_death":0,"minecraft:total_world_time":56176,"minecraft:fall_one_cm":5190,"minecraft:fly_one_cm":9183,"minecraft:player_kills":1},"minecraft:picked_up":{"minecraft:birch_log":4,"minecraft:stick":1,"minecraft:torch":8,"minecraft:sand":3,"minecraft:birch_sapling":1},"minecraft:dropped":{"minecraft:sand":1},"minecraft:used":{"minecraft:sand":2},"minecraft:killed_by":{"minecraft:skeleton":1,"minecraft:zombie":1},"minecraft:mined":{"minecraft:sand":2,"minecraft:birch_log":4,"minecraft:birch_leaves":5}},"DataVersion":3953}