{"stats":{"minecraft:mined":{"minecraft:grass_block":2,"minecraft:dirt":2,"minecraft:sand":2,"minecraft:birch_log":4,"minecraft:birch_leaves":5,"minecraft:wall_torch":1},"minecraft:picked_up":{"minecraft:birch_log":4,"minecraft:stick":1,"minecraft:torch":9,"minecraft:sand":3,"minecraft:birch_sapling":1,"minecraft:dirt":4},"minecraft:used":{"minecraft:dirt":4,"minecraft:sand":2},"minecraft:killed_by":{"minecraft:skeleton":1,"minecraft:zombie":1},"minecraft:custom":{"minecraft:time_since_rest":54040,"minecraft:play_time":94718,"minecraft:sprint_one_cm":30295,"minecraft:damage_taken":535,"minecraft:deaths":2,"minecraft:walk_one_cm":26653,"minecraft:sneak_time":3,"minecraft:walk_under_water_one_cm":434,"minecraft:boat_one_cm":10414,"minecraft:drop":1,"minecraft:jump":214,"minecraft:damage_dealt":193,"minecraft:leave_game":11,"minecraft:walk_on_water_one_cm":1623,"minecraft:time_since_death":38390,"minecraft:total_world_time":94718,"minecraft:fall_one_cm":6425,"minecraft:fly_one_cm":13191,"minecraft:player_kills":1},"minecraft:dropped":{"minecraft:sand":1}},"DataVersion":3953}