{"stats":{"minecraft:mined":{"minecraft:white_bed":2,"minecraft:kelp_plant":2,"minecraft:crafting_table":1,"minecraft:torch":2,"minecraft:short_grass":9,"minecraft:grass_block":267,"minecraft:rose_bush":3,"minecraft:cobblestone":1,"minecraft:oak_planks":8,"minecraft:kelp":3,"minecraft:diorite":3,"minecraft:wall_torch":1,"minecraft:seagrass":1,"minecraft:birch_planks":58,"minecraft:tall_seagrass":1,"minecraft:birch_log":93,"minecraft:iron_ore":2,"minecraft:birch_leaves":3,"minecraft:coal_ore":20,"minecraft:oak_log":80,"minecraft:gravel":1,"minecraft:sand":25,"minecraft:dirt":85,"minecraft:stone":78,"minecraft:oak_leaves":3},"minecraft:crafted":{"minecraft:oak_planks":128,"minecraft:stone_shovel":6,"minecraft:crafting_table":4,"minecraft:wooden_pickaxe":1,"minecraft:furnace":1,"minecraft:birch_planks":188,"minecraft:stone_axe":2,"minecraft:cooked_mutton":5,"minecraft:stick":40,"minecraft:stone_pickaxe":2,"minecraft:wooden_axe":1,"minecraft:stone_sword":2,"minecraft:chest":1,"minecraft:white_bed":1,"minecraft:torch":40},"minecraft:killed":{"minecraft:pig":1,"minecraft:spider":1,"minecraft:skeleton":3,"minecraft:sheep":5,"minecraft:zombie":2,"minecraft:drowned":1},"minecraft:custom":{"minecraft:interact_with_furnace":4,"minecraft:mob_kills":13,"minecraft:interact_with_crafting_table":12,"minecraft:leave_game":8,"minecraft:time_since_death":29983,"minecraft:sleep_in_bed":3,"minecraft:time_since_rest":952,"minecraft:sprint_one_cm":116977,"minecraft:damage_taken":2436,"minecraft:walk_one_cm":217030,"minecraft:drop":5,"minecraft:damage_dealt":1684,"minecraft:swim_one_cm":76301,"minecraft:fly_one_cm":81511,"minecraft:open_chest":2,"minecraft:crouch_one_cm":2,"minecraft:play_time":118406,"minecraft:deaths":9,"minecraft:sneak_time":316,"minecraft:walk_under_water_one_cm":38246,"minecraft:jump":766,"minecraft:walk_on_water_one_cm":32705,"minecraft:total_world_time":118406,"minecraft:fall_one_cm":21148},"minecraft:used":{"minecraft:cooked_mutton":1,"minecraft:stone_sword":28,"minecraft:birch_planks":152,"minecraft:stone_shovel":356,"minecraft:stone_pickaxe":52,"minecraft:oak_planks":115,"minecraft:chest":1,"minecraft:wooden_pickaxe":59,"minecraft:torch":5,"minecraft:sand":1,"minecraft:dirt":91,"minecraft:crafting_table":4,"minecraft:white_bed":3,"minecraft:wooden_axe":21,"minecraft:stone_axe":226,"minecraft:cobblestone":11,"minecraft:furnace":1,"minecraft:birch_log":6},"minecraft:killed_by":{"minecraft:player":1,"minecraft:skeleton":1,"minecraft:creeper":1,"minecraft:spider":2,"minecraft:zombie":1},"minecraft:picked_up":{"minecraft:wooden_axe":3,"minecraft:birch_log":102,"minecraft:crafting_table":1,"minecraft:birch_planks":53,"minecraft:oak_log":80,"minecraft:string":1,"minecraft:dirt":356,"minecraft:bone":10,"minecraft:apple":3,"minecraft:kelp":7,"minecraft:bow":4,"minecraft:wheat_seeds":1,"minecraft:stone_pickaxe":3,"minecraft:rose_bush":3,"minecraft:oak_planks":8,"minecraft:stick":36,"minecraft:raw_iron":6,"minecraft:torch":91,"minecraft:gravel":4,"minecraft:porkchop":3,"minecraft:sand":40,"minecraft:diorite":6,"minecraft:white_bed":3,"minecraft:stone_sword":2,"minecraft:stone_shovel":3,"minecraft:oak_sapling":21,"minecraft:mutton":22,"minecraft:coal":50,"minecraft:white_wool":14,"minecraft:cobblestone":256},"minecraft:broken":{"minecraft:stone_axe":1,"minecraft:stone_shovel":2,"minecraft:wooden_pickaxe":1},"minecraft:dropped":{"minecraft:white_bed":1,"minecraft:torch":8,"minecraft:sand":3}},"DataVersion":3953}