{"stats":{"minecraft:mined":{"minecraft:white_bed":3,"minecraft:glass_pane":1,"minecraft:kelp_plant":2,"minecraft:dark_oak_log":40,"minecraft:crafting_table":2,"minecraft:torch":3,"minecraft:short_grass":9,"minecraft:grass_block":311,"minecraft:chest":1,"minecraft:rose_bush":3,"minecraft:cobblestone":1,"minecraft:oak_planks":8,"minecraft:kelp":3,"minecraft:diorite":3,"minecraft:wall_torch":2,"minecraft:seagrass":1,"minecraft:birch_planks":65,"minecraft:tall_seagrass":1,"minecraft:furnace":1,"minecraft:birch_log":93,"minecraft:iron_ore":2,"minecraft:birch_leaves":3,"minecraft:coal_ore":20,"minecraft:oak_log":80,"minecraft:gravel":1,"minecraft:sand":84,"minecraft:dirt":88,"minecraft:stone":78,"minecraft:oak_leaves":3},"minecraft:crafted":{"minecraft:oak_planks":128,"minecraft:stone_shovel":6,"minecraft:crafting_table":4,"minecraft:wooden_pickaxe":1,"minecraft:furnace":1,"minecraft:birch_planks":192,"minecraft:stone_axe":2,"minecraft:cooked_mutton":5,"minecraft:glass_pane":112,"minecraft:dark_oak_door":3,"minecraft:glass":33,"minecraft:stick":40,"minecraft:stone_pickaxe":2,"minecraft:wooden_axe":1,"minecraft:stone_sword":2,"minecraft:chest":1,"minecraft:white_bed":1,"minecraft:dark_oak_planks":12,"minecraft:torch":40},"minecraft:killed":{"minecraft:pig":1,"minecraft:spider":1,"minecraft:skeleton":3,"minecraft:sheep":5,"minecraft:zombie":2,"minecraft:drowned":1},"minecraft:custom":{"minecraft:interact_with_furnace":7,"minecraft:mob_kills":13,"minecraft:interact_with_crafting_table":15,"minecraft:leave_game":9,"minecraft:time_since_death":73627,"minecraft:sleep_in_bed":6,"minecraft:time_since_rest":10435,"minecraft:sprint_one_cm":145629,"minecraft:damage_taken":2466,"minecraft:walk_one_cm":286890,"minecraft:drop":10,"minecraft:damage_dealt":1684,"minecraft:swim_one_cm":92884,"minecraft:fly_one_cm":92539,"minecraft:open_chest":5,"minecraft:crouch_one_cm":2,"minecraft:play_time":162050,"minecraft:deaths":9,"minecraft:sneak_time":323,"minecraft:walk_under_water_one_cm":40594,"minecraft:jump":893,"minecraft:walk_on_water_one_cm":43349,"minecraft:total_world_time":162050,"minecraft:fall_one_cm":24153},"minecraft:used":{"minecraft:cooked_mutton":3,"minecraft:stone_sword":29,"minecraft:birch_planks":202,"minecraft:stone_shovel":414,"minecraft:stone_pickaxe":53,"minecraft:oak_planks":127,"minecraft:chest":2,"minecraft:wooden_pickaxe":59,"minecraft:torch":16,"minecraft:sand":1,"minecraft:dirt":91,"minecraft:crafting_table":5,"minecraft:white_bed":4,"minecraft:dark_oak_door":1,"minecraft:wooden_axe":32,"minecraft:stone_axe":264,"minecraft:cobblestone":11,"minecraft:furnace":2,"minecraft:birch_log":6,"minecraft:glass_pane":68},"minecraft:killed_by":{"minecraft:player":1,"minecraft:skeleton":1,"minecraft:creeper":1,"minecraft:spider":2,"minecraft:zombie":1},"minecraft:picked_up":{"minecraft:wooden_axe":6,"minecraft:birch_log":102,"minecraft:crafting_table":2,"minecraft:birch_planks":61,"minecraft:oak_log":80,"minecraft:string":2,"minecraft:dirt":482,"minecraft:glass":13,"minecraft:bone":10,"minecraft:apple":3,"minecraft:kelp":7,"minecraft:bow":4,"minecraft:wheat_seeds":2,"minecraft:stone_pickaxe":3,"minecraft:rose_bush":6,"minecraft:chest":1,"minecraft:oak_planks":13,"minecraft:furnace":1,"minecraft:stick":36,"minecraft:raw_iron":6,"minecraft:torch":93,"minecraft:gravel":4,"minecraft:porkchop":3,"minecraft:sand":99,"minecraft:diorite":6,"minecraft:white_bed":4,"minecraft:dark_oak_log":40,"minecraft:stone_sword":2,"minecraft:stone_shovel":6,"minecraft:stone_axe":1,"minecraft:oak_sapling":21,"minecraft:mutton":22,"minecraft:coal":57,"minecraft:white_wool":14,"minecraft:cobblestone":256},"minecraft:broken":{"minecraft:stone_axe":2,"minecraft:stone_shovel":3,"minecraft:wooden_pickaxe":1},"minecraft:dropped":{"minecraft:stone_axe":1,"minecraft:oak_planks":5,"minecraft:white_bed":1,"minecraft:torch":8,"minecraft:wooden_axe":3,"minecraft:sand":3}},"DataVersion":3953}