{"stats":{"minecraft:mined":{"minecraft:sand":4},"minecraft:custom":{"minecraft:jump":129,"minecraft:damage_dealt":115,"minecraft:time_since_rest":29124,"minecraft:damage_taken":1252,"minecraft:walk_one_cm":14035,"minecraft:leave_game":5,"minecraft:sprint_one_cm":10919,"minecraft:play_time":43816,"minecraft:time_since_death":714,"minecraft:walk_on_water_one_cm":165,"minecraft:deaths":4,"minecraft:total_world_time":43816,"minecraft:walk_under_water_one_cm":2169,"minecraft:mob_kills":1,"minecraft:drop":3,"minecraft:fall_one_cm":4164,"minecraft:fly_one_cm":9868},"minecraft:picked_up":{"minecraft:sand":4},"minecraft:dropped":{"minecraft:sand":3},"minecraft:killed_by":{"minecraft:zombie":1,"minecraft:player":1,"minecraft:spider":1},"minecraft:killed":{"minecraft:zombie":1}},"DataVersion":3953}