{"stats":{"minecraft:killed":{"minecraft:pig":1,"minecraft:spider":1,"minecraft:skeleton":3,"minecraft:sheep":5,"minecraft:zombie":3,"minecraft:drowned":1},"minecraft:mined":{"minecraft:white_bed":3,"minecraft:glass_pane":16,"minecraft:kelp_plant":2,"minecraft:dark_oak_log":40,"minecraft:stripped_birch_log":3,"minecraft:crafting_table":2,"minecraft:torch":10,"minecraft:short_grass":9,"minecraft:grass_block":312,"minecraft:chest":1,"minecraft:rose_bush":3,"minecraft:cobblestone":1,"minecraft:oak_planks":35,"minecraft:kelp":3,"minecraft:diorite":3,"minecraft:wall_torch":10,"minecraft:seagrass":1,"minecraft:birch_planks":98,"minecraft:tall_seagrass":1,"minecraft:furnace":1,"minecraft:dark_oak_door":1,"minecraft:birch_log":105,"minecraft:iron_ore":3,"minecraft:birch_leaves":3,"minecraft:coal_ore":20,"minecraft:oak_log":96,"minecraft:dirt":91,"minecraft:gravel":1,"minecraft:sand":84,"minecraft:stone":78,"minecraft:oak_leaves":3},"minecraft:picked_up":{"minecraft:wooden_axe":6,"minecraft:birch_log":114,"minecraft:crafting_table":2,"minecraft:birch_planks":96,"minecraft:oak_log":96,"minecraft:stripped_birch_log":3,"minecraft:string":2,"minecraft:dirt":486,"minecraft:glass":13,"minecraft:bone":10,"minecraft:apple":3,"minecraft:kelp":7,"minecraft:bow":4,"minecraft:wheat_seeds":2,"minecraft:stone_pickaxe":3,"minecraft:rose_bush":6,"minecraft:chest":1,"minecraft:birch_sapling":1,"minecraft:oak_planks":41,"minecraft:furnace":1,"minecraft:dark_oak_door":1,"minecraft:stick":38,"minecraft:raw_iron":7,"minecraft:torch":113,"minecraft:gravel":4,"minecraft:porkchop":3,"minecraft:sand":99,"minecraft:diorite":6,"minecraft:white_bed":4,"minecraft:dark_oak_log":40,"minecraft:stone_sword":2,"minecraft:rotten_flesh":2,"minecraft:stone_shovel":6,"minecraft:stone_axe":1,"minecraft:oak_sapling":21,"minecraft:mutton":22,"minecraft:coal":57,"minecraft:white_wool":14,"minecraft:cobblestone":256},"minecraft:used":{"minecraft:cooked_mutton":5,"minecraft:stone_sword":29,"minecraft:birch_planks":326,"minecraft:stripped_birch_log":3,"minecraft:stone_shovel":414,"minecraft:stone_pickaxe":54,"minecraft:oak_planks":241,"minecraft:wooden_pickaxe":59,"minecraft:chest":2,"minecraft:birch_boat":3,"minecraft:torch":38,"minecraft:sand":1,"minecraft:dirt":91,"minecraft:crafting_table":5,"minecraft:white_bed":4,"minecraft:dark_oak_door":5,"minecraft:oak_log":28,"minecraft:wooden_axe":32,"minecraft:apple":3,"minecraft:stone_axe":364,"minecraft:cobblestone":11,"minecraft:furnace":2,"minecraft:birch_log":32,"minecraft:glass_pane":100,"minecraft:oak_boat":3},"minecraft:killed_by":{"minecraft:player":1,"minecraft:skeleton":1,"minecraft:creeper":1,"minecraft:spider":2,"minecraft:zombie":1},"minecraft:crafted":{"minecraft:oak_planks":272,"minecraft:stone_shovel":6,"minecraft:crafting_table":4,"minecraft:wooden_pickaxe":1,"minecraft:birch_boat":3,"minecraft:furnace":1,"minecraft:birch_planks":296,"minecraft:stone_axe":3,"minecraft:cooked_mutton":5,"minecraft:glass_pane":112,"minecraft:glass":56,"minecraft:dark_oak_door":6,"minecraft:oak_boat":3,"minecraft:stick":40,"minecraft:stone_pickaxe":2,"minecraft:wooden_axe":1,"minecraft:stone_sword":2,"minecraft:chest":1,"minecraft:white_bed":1,"minecraft:dark_oak_planks":24,"minecraft:torch":40},"minecraft:broken":{"minecraft:stone_axe":2,"minecraft:stone_shovel":3,"minecraft:wooden_pickaxe":1},"minecraft:custom":{"minecraft:interact_with_furnace":9,"minecraft:mob_kills":14,"minecraft:interact_with_crafting_table":19,"minecraft:leave_game":14,"minecraft:time_since_death":165882,"minecraft:sleep_in_bed":10,"minecraft:time_since_rest":7005,"minecraft:sprint_one_cm":228952,"minecraft:damage_taken":2676,"minecraft:walk_one_cm":460113,"minecraft:drop":13,"minecraft:damage_dealt":1794,"minecraft:swim_one_cm":105995,"minecraft:fly_one_cm":248773,"minecraft:open_chest":7,"minecraft:crouch_one_cm":69,"minecraft:play_time":254305,"minecraft:deaths":9,"minecraft:sneak_time":594,"minecraft:walk_under_water_one_cm":52976,"minecraft:boat_one_cm":146534,"minecraft:jump":1317,"minecraft:walk_on_water_one_cm":71867,"minecraft:total_world_time":254305,"minecraft:fall_one_cm":33512},"minecraft:dropped":{"minecraft:stone_axe":1,"minecraft:birch_planks":2,"minecraft:oak_planks":6,"minecraft:white_bed":1,"minecraft:torch":8,"minecraft:wooden_axe":3,"minecraft:sand":3}},"DataVersion":3953}